Title,Price,Date
Google Pixel 6 - Android 5G Smartphone without SIM Lock with 50 Megapixel Camera and Wide Angle Lens - [128GB] - Sorta Seafoam,€519.00,2022-10-06
Google Pixel 6 - Android 5G Smartphone without SIM Lock with 50 Megapixel Camera and Wide Angle Lens - [128GB] - Sorta Seafoam,€519.00,2022-10-06
Google Pixel 6 - Android 5G Smartphone without SIM Lock with 50 Megapixel Camera and Wide Angle Lens - [128GB] - Sorta Seafoam,€519.00,2022-10-06
Google Pixel 6 - Android 5G Smartphone without SIM Lock with 50 Megapixel Camera and Wide Angle Lens - [128GB] - Sorta Seafoam,€519.00,2022-10-06
Google Pixel 6 - Android 5G Smartphone without SIM Lock with 50 Megapixel Camera and Wide Angle Lens - [128GB] - Sorta Seafoam,€519.00,2022-10-06
Google Pixel 6 - Android 5G Smartphone without SIM Lock with 50 Megapixel Camera and Wide Angle Lens - [128GB] - Sorta Seafoam,€519.00,2022-10-06
Google Pixel 6 - Android 5G Smartphone without SIM Lock with 50 Megapixel Camera and Wide Angle Lens - [128GB] - Sorta Seafoam,€519.00,2022-10-06
Google Pixel 6 - Android 5G Smartphone without SIM Lock with 50 Megapixel Camera and Wide Angle Lens - [128GB] - Sorta Seafoam,€519.00,2022-10-06
Google Pixel 6 - Android 5G Smartphone without SIM Lock with 50 Megapixel Camera and Wide Angle Lens - [128GB] - Sorta Seafoam,€519.00,2022-10-06
Google Pixel 6 - Android 5G Smartphone without SIM Lock with 50 Megapixel Camera and Wide Angle Lens - [128GB] - Sorta Seafoam,€519.00,2022-10-06
Google Pixel 6 - Android 5G Smartphone without SIM Lock with 50 Megapixel Camera and Wide Angle Lens - [128GB] - Sorta Seafoam,€519.00,2022-10-06
Google Pixel 6 - Android 5G Smartphone without SIM Lock with 50 Megapixel Camera and Wide Angle Lens - [128GB] - Sorta Seafoam,€519.00,2022-10-06
Google Pixel 6 - Android 5G Smartphone without SIM Lock with 50 Megapixel Camera and Wide Angle Lens - [128GB] - Sorta Seafoam,€519.00,2022-10-06
Google Pixel 6 - Android 5G Smartphone without SIM Lock with 50 Megapixel Camera and Wide Angle Lens - [128GB] - Sorta Seafoam,€519.00,2022-10-06
Google Pixel 6 - Android 5G Smartphone without SIM Lock with 50 Megapixel Camera and Wide Angle Lens - [128GB] - Sorta Seafoam,€519.00,2022-10-06
Google Pixel 6 - Android 5G Smartphone without SIM Lock with 50 Megapixel Camera and Wide Angle Lens - [128GB] - Sorta Seafoam,€519.00,2022-10-06
Google Pixel 6 - Android 5G Smartphone without SIM Lock with 50 Megapixel Camera and Wide Angle Lens - [128GB] - Sorta Seafoam,€519.00,2022-10-06
Google Pixel 6 - Android 5G Smartphone without SIM Lock with 50 Megapixel Camera and Wide Angle Lens - [128GB] - Sorta Seafoam,€519.00,2022-10-06
Google Pixel 6 - Android 5G Smartphone without SIM Lock with 50 Megapixel Camera and Wide Angle Lens - [128GB] - Sorta Seafoam,€519.00,2022-10-06
Google Pixel 6 - Android 5G Smartphone without SIM Lock with 50 Megapixel Camera and Wide Angle Lens - [128GB] - Sorta Seafoam,€519.00,2022-10-06
Google Pixel 6 - Android 5G Smartphone without SIM Lock with 50 Megapixel Camera and Wide Angle Lens - [128GB] - Sorta Seafoam,€519.00,2022-10-06
Google Pixel 6 - Android 5G Smartphone without SIM Lock with 50 Megapixel Camera and Wide Angle Lens - [128GB] - Sorta Seafoam,€519.00,2022-10-06
Google Pixel 6 - Android 5G Smartphone without SIM Lock with 50 Megapixel Camera and Wide Angle Lens - [128GB] - Sorta Seafoam,€519.00,2022-10-06
